trait	#chrom	pos	alt	ref	beta	se	pval	study_doi
Melanoma (meta-analysis of self-reported & diagnosed)	11	89277878	A	G	0.157003748809665		3.65E-13	10.18632/oncotarget.15230
Melanoma (meta-analysis of self-reported & diagnosed)	5	1284538	A	G	0.231111720963387		7.16E-12	10.18632/oncotarget.15230
Melanoma (meta-analysis of self-reported & diagnosed)	16	89919709	T	C	0.405465108108164		4.24E-37	10.18632/oncotarget.15230
Melanoma (meta-analysis of self-reported & diagnosed)	5	17453974	T	C	0.672944473242426		3.53E-08	10.18632/oncotarget.15230
Melanoma (meta-analysis of self-reported & diagnosed)	9	21805208	D	I	0.173953307123438		2.5E-17	10.18632/oncotarget.15230
Melanoma (meta-analysis of self-reported & diagnosed)	5	33946466	A	G	-0.7339691750802		3.42E-19	10.18632/oncotarget.15230
Melanoma (meta-analysis of self-reported & diagnosed)	21	41374154	C	T	-0.116533816255952		2.89E-08	10.18632/oncotarget.15230
Melanoma (meta-analysis of self-reported & diagnosed)	20	34077942	A	G	0.322083499169113		5.04E-23	10.18632/oncotarget.15230
Melanoma (meta-analysis of self-reported & diagnosed)	6	421281	A	G	0.215111379616945		9.14E-14	10.18632/oncotarget.15230
Basal Cell Carcinoma (self-reported)	2	201258272	A	G	0.113328685307003		3.99E-18	10.1002/ijc.30634
Basal Cell Carcinoma (self-reported)	10	62637778	C	T	0.058268908123976		3.16E-07	10.1002/ijc.30634
Basal Cell Carcinoma (self-reported)	12	56334353	C	T	0.095310179804325		1.88E-05	10.1002/ijc.30634
